Név;BérlapKód;Email
István Horváth;55860;istván.horváth@example.com
Anna Németh;97034;anna.németh@example.com
Béla Farkas;51519;béla.farkas@example.com
Judit Kovács;25441;judit.kovács@mail.com
Emese Farkas;26052;emese.farkas@mail.com
Dóra Kovács;78919;dóra.kovács@example.com
Dóra Kiss;45596;dóra.kiss@example.com
Hanna Varga;44845;hanna.varga@example.com
Judit Szabó;49699;judit.szabó@mail.com
Anna Kiss;68624;anna.kiss@example.com
Dóra Horváth;42258;dóra.horváth@example.com
Béla Németh;16548;béla.németh@domain.hu
Hanna Horváth;49899;hanna.horváth@domain.hu
Hanna Németh;39257;hanna.németh@domain.hu
Dóra Molnár;10202;dóra.molnár@example.com
Dóra Varga;31611;dóra.varga@domain.hu
Emese Kovács;47940;emese.kovács@domain.hu
Hanna Németh;27206;hanna.németh@domain.hu
Csaba Nagy;53491;csaba.nagy@example.com
Anna Tóth;5893;anna.tóth@mail.com
Béla Tóth;30328;béla.tóth@mail.com
Anna Kiss;769;anna.kiss@mail.com
Béla Farkas;64836;béla.farkas@domain.hu
Gábor Varga;81694;gábor.varga@example.com
Hanna Kiss;29414;hanna.kiss@mail.com
István Horváth;88994;istván.horváth@domain.hu
Ferenc Szabó;97087;ferenc.szabó@example.com
Dóra Molnár;69719;dóra.molnár@example.com
István Kiss;1011;istván.kiss@domain.hu
Béla Szabó;79694;béla.szabó@mail.com
Csaba Tóth;87249;csaba.tóth@domain.hu
Béla Horváth;77175;béla.horváth@example.com
Csaba Kovács;11474;csaba.kovács@domain.hu
István Horváth;72166;istván.horváth@example.com
István Kiss;5830;istván.kiss@example.com
Judit Nagy;91659;judit.nagy@example.com
Emese Kovács;2697;emese.kovács@example.com
István Kovács;35399;istván.kovács@domain.hu
István Kiss;81561;istván.kiss@domain.hu
István Farkas;80564;istván.farkas@mail.com
Ferenc Tóth;19343;ferenc.tóth@domain.hu
Béla Németh;80766;béla.németh@domain.hu
Gábor Németh;58262;gábor.németh@example.com
Béla Molnár;63554;béla.molnár@domain.hu
Gábor Tóth;14683;gábor.tóth@mail.com
István Farkas;13168;istván.farkas@example.com
István Kiss;51102;istván.kiss@mail.com
Csaba Németh;25465;csaba.németh@mail.com
Dóra Tóth;1707;dóra.tóth@domain.hu
Anna Kiss;19263;anna.kiss@example.com
Judit Kiss;50359;judit.kiss@mail.com
Anna Kiss;79119;anna.kiss@mail.com
Emese Horváth;48504;emese.horváth@domain.hu
Judit Kiss;63291;judit.kiss@mail.com
Gábor Szabó;42037;gábor.szabó@domain.hu
Csaba Horváth;17840;csaba.horváth@example.com
Judit Varga;7063;judit.varga@example.com
Hanna Horváth;50055;hanna.horváth@domain.hu
Béla Varga;35610;béla.varga@example.com
Judit Szabó;62120;judit.szabó@domain.hu
Hanna Kovács;20258;hanna.kovács@example.com
Dóra Varga;93199;dóra.varga@domain.hu
Béla Varga;60461;béla.varga@domain.hu
Anna Kovács;73733;anna.kovács@example.com
Hanna Molnár;90582;hanna.molnár@domain.hu
Judit Varga;52068;judit.varga@mail.com
Emese Tóth;86972;emese.tóth@domain.hu
Béla Molnár;71299;béla.molnár@mail.com
Judit Molnár;94172;judit.molnár@example.com
Hanna Horváth;48875;hanna.horváth@mail.com
Hanna Molnár;12290;hanna.molnár@domain.hu
Csaba Nagy;13793;csaba.nagy@example.com
Csaba Molnár;35944;csaba.molnár@example.com
Hanna Kovács;81173;hanna.kovács@mail.com
Judit Varga;41676;judit.varga@domain.hu
Judit Kiss;55644;judit.kiss@example.com
Emese Kovács;26202;emese.kovács@mail.com
Judit Kiss;54072;judit.kiss@domain.hu
Csaba Kovács;1631;csaba.kovács@mail.com
István Németh;73784;istván.németh@domain.hu
Dóra Tóth;56371;dóra.tóth@domain.hu
Gábor Farkas;86005;gábor.farkas@domain.hu
Gábor Horváth;99749;gábor.horváth@example.com
István Farkas;89618;istván.farkas@example.com
István Németh;91246;istván.németh@mail.com
Hanna Németh;46635;hanna.németh@domain.hu
Hanna Farkas;1528;hanna.farkas@mail.com
Emese Horváth;18597;emese.horváth@example.com
Judit Varga;2019;judit.varga@mail.com
Csaba Horváth;99617;csaba.horváth@example.com
Gábor Nagy;99738;gábor.nagy@example.com
Gábor Szabó;58886;gábor.szabó@domain.hu
Judit Horváth;3917;judit.horváth@domain.hu
István Nagy;95447;istván.nagy@example.com
István Molnár;82595;istván.molnár@example.com
Béla Farkas;38909;béla.farkas@example.com
Dóra Kovács;90518;dóra.kovács@example.com
Dóra Farkas;47761;dóra.farkas@domain.hu
Anna Horváth;26292;anna.horváth@example.com
István Varga;85679;istván.varga@mail.com
István Kiss;63666;istván.kiss@mail.com
Dóra Tóth;83951;dóra.tóth@example.com
Béla Kovács;69912;béla.kovács@domain.hu
Dóra Farkas;18484;dóra.farkas@domain.hu
Béla Kiss;79805;béla.kiss@example.com
Anna Kovács;12051;anna.kovács@domain.hu
István Szabó;27119;istván.szabó@example.com
Emese Farkas;66001;emese.farkas@example.com
Csaba Molnár;94785;csaba.molnár@domain.hu
Judit Németh;3254;judit.németh@mail.com
Csaba Németh;29750;csaba.németh@domain.hu
Emese Farkas;59720;emese.farkas@example.com
Ferenc Kovács;41582;ferenc.kovács@example.com
Anna Kiss;63417;anna.kiss@mail.com
István Varga;25215;istván.varga@domain.hu
Béla Molnár;75464;béla.molnár@mail.com
Ferenc Tóth;32298;ferenc.tóth@domain.hu
Ferenc Varga;86527;ferenc.varga@mail.com
Csaba Molnár;34090;csaba.molnár@mail.com
István Nagy;99180;istván.nagy@example.com
Béla Horváth;82801;béla.horváth@domain.hu
Ferenc Nagy;29879;ferenc.nagy@example.com
Gábor Molnár;35993;gábor.molnár@mail.com
Ferenc Farkas;73898;ferenc.farkas@example.com
Anna Kiss;37497;anna.kiss@domain.hu
Hanna Farkas;74726;hanna.farkas@mail.com
Csaba Tóth;20961;csaba.tóth@example.com
Gábor Németh;97904;gábor.németh@example.com
Csaba Farkas;88848;csaba.farkas@example.com
Csaba Németh;84789;csaba.németh@mail.com
Emese Farkas;55068;emese.farkas@domain.hu
Csaba Farkas;18996;csaba.farkas@mail.com
Anna Farkas;58129;anna.farkas@example.com
Dóra Horváth;58107;dóra.horváth@mail.com
Csaba Nagy;5764;csaba.nagy@domain.hu
Emese Tóth;96856;emese.tóth@domain.hu
Csaba Farkas;26073;csaba.farkas@example.com
Gábor Nagy;35763;gábor.nagy@mail.com
Judit Nagy;74569;judit.nagy@mail.com
Hanna Horváth;64079;hanna.horváth@domain.hu
Béla Tóth;63753;béla.tóth@mail.com
Hanna Kovács;69385;hanna.kovács@domain.hu
Ferenc Kovács;52615;ferenc.kovács@mail.com
Emese Farkas;10256;emese.farkas@mail.com
Emese Kiss;24194;emese.kiss@domain.hu
Judit Kovács;94287;judit.kovács@domain.hu
Anna Varga;97848;anna.varga@example.com
Dóra Horváth;91958;dóra.horváth@mail.com
Ferenc Kovács;69711;ferenc.kovács@example.com
Béla Farkas;23172;béla.farkas@domain.hu
István Varga;72418;istván.varga@example.com
Ferenc Tóth;80810;ferenc.tóth@example.com
István Varga;41428;istván.varga@example.com
Anna Farkas;8249;anna.farkas@mail.com
Csaba Kovács;49893;csaba.kovács@domain.hu
Gábor Kiss;66345;gábor.kiss@example.com
Dóra Kovács;74645;dóra.kovács@mail.com
Judit Horváth;67493;judit.horváth@mail.com
Anna Varga;58484;anna.varga@domain.hu
Béla Nagy;71282;béla.nagy@example.com
Emese Molnár;26416;emese.molnár@domain.hu
Anna Molnár;83464;anna.molnár@mail.com
Anna Farkas;24387;anna.farkas@mail.com
Dóra Nagy;92833;dóra.nagy@mail.com
Anna Horváth;54725;anna.horváth@mail.com
Judit Horváth;80770;judit.horváth@domain.hu
Judit Nagy;45707;judit.nagy@mail.com
Anna Horváth;32446;anna.horváth@example.com
Csaba Nagy;46678;csaba.nagy@domain.hu
István Németh;23642;istván.németh@example.com
Anna Varga;70312;anna.varga@mail.com
Dóra Németh;28810;dóra.németh@domain.hu
Gábor Tóth;52940;gábor.tóth@domain.hu
István Németh;52667;istván.németh@mail.com
Emese Tóth;68070;emese.tóth@domain.hu
Judit Molnár;33291;judit.molnár@example.com
Emese Varga;99224;emese.varga@domain.hu
Hanna Molnár;20047;hanna.molnár@mail.com
Gábor Kovács;9023;gábor.kovács@example.com
Gábor Farkas;80020;gábor.farkas@example.com
Hanna Németh;43549;hanna.németh@mail.com
Anna Tóth;80876;anna.tóth@domain.hu
Judit Horváth;26354;judit.horváth@mail.com
Hanna Szabó;98058;hanna.szabó@example.com
Emese Németh;51325;emese.németh@domain.hu
Judit Farkas;39927;judit.farkas@example.com
Dóra Nagy;84737;dóra.nagy@mail.com
Emese Szabó;16389;emese.szabó@example.com
Hanna Kovács;67255;hanna.kovács@mail.com
Hanna Horváth;74775;hanna.horváth@mail.com
Judit Farkas;86803;judit.farkas@example.com
Ferenc Kovács;34411;ferenc.kovács@mail.com
Csaba Molnár;92601;csaba.molnár@example.com
Gábor Tóth;33407;gábor.tóth@mail.com
Gábor Tóth;58019;gábor.tóth@example.com
Emese Nagy;49385;emese.nagy@mail.com
Hanna Horváth;24773;hanna.horváth@mail.com
Judit Kiss;39815;judit.kiss@example.com
Csaba Kiss;38695;csaba.kiss@mail.com
Hanna Horváth;59362;hanna.horváth@mail.com
István Kiss;27711;istván.kiss@domain.hu
Ferenc Varga;18437;ferenc.varga@domain.hu
Hanna Tóth;50654;hanna.tóth@example.com
Dóra Kiss;1906;dóra.kiss@example.com
István Kiss;23054;istván.kiss@domain.hu
Dóra Tóth;62625;dóra.tóth@example.com
Gábor Farkas;28551;gábor.farkas@mail.com
Csaba Németh;98971;csaba.németh@domain.hu
István Németh;52399;istván.németh@domain.hu
Anna Nagy;17726;anna.nagy@domain.hu
Dóra Németh;69321;dóra.németh@example.com
Béla Szabó;44960;béla.szabó@example.com
Judit Varga;54729;judit.varga@example.com
Dóra Nagy;29603;dóra.nagy@mail.com
István Szabó;76945;istván.szabó@domain.hu
Ferenc Varga;30750;ferenc.varga@domain.hu
István Kovács;82852;istván.kovács@example.com
Anna Farkas;67156;anna.farkas@example.com
Hanna Kovács;80682;hanna.kovács@mail.com
Gábor Molnár;80539;gábor.molnár@domain.hu
Gábor Tóth;1462;gábor.tóth@mail.com
Gábor Farkas;20254;gábor.farkas@domain.hu
Dóra Nagy;8416;dóra.nagy@domain.hu
Gábor Nagy;36268;gábor.nagy@example.com
Hanna Németh;56864;hanna.németh@domain.hu
Gábor Nagy;71093;gábor.nagy@domain.hu
Gábor Nagy;23162;gábor.nagy@domain.hu
Csaba Nagy;30639;csaba.nagy@example.com
Gábor Farkas;28716;gábor.farkas@mail.com
István Tóth;17349;istván.tóth@example.com
Csaba Németh;60386;csaba.németh@mail.com
Béla Horváth;94402;béla.horváth@example.com
Emese Kovács;36607;emese.kovács@domain.hu
Béla Kovács;8567;béla.kovács@example.com
Hanna Nagy;13653;hanna.nagy@domain.hu
Csaba Nagy;98877;csaba.nagy@mail.com
Gábor Farkas;97793;gábor.farkas@mail.com
Gábor Varga;26967;gábor.varga@mail.com
Emese Horváth;57517;emese.horváth@mail.com
Csaba Tóth;61589;csaba.tóth@mail.com
Csaba Varga;47628;csaba.varga@example.com
István Farkas;40777;istván.farkas@mail.com
Emese Nagy;58341;emese.nagy@mail.com
Dóra Molnár;18125;dóra.molnár@mail.com
Béla Kiss;10219;béla.kiss@domain.hu
Csaba Varga;19400;csaba.varga@example.com
István Németh;27547;istván.németh@domain.hu
Ferenc Molnár;80287;ferenc.molnár@domain.hu
Gábor Horváth;46654;gábor.horváth@mail.com
Emese Kiss;46903;emese.kiss@example.com
Emese Varga;65259;emese.varga@mail.com
Emese Németh;87091;emese.németh@domain.hu
Anna Horváth;76632;anna.horváth@example.com
Ferenc Szabó;82146;ferenc.szabó@mail.com
Anna Kiss;94304;anna.kiss@mail.com
Ferenc Kovács;77378;ferenc.kovács@example.com
Judit Molnár;85475;judit.molnár@example.com
Judit Nagy;10101;judit.nagy@mail.com
Anna Kovács;48485;anna.kovács@mail.com
Emese Kiss;48793;emese.kiss@domain.hu
Csaba Kovács;33839;csaba.kovács@mail.com
Ferenc Farkas;11286;ferenc.farkas@mail.com
Ferenc Németh;18590;ferenc.németh@example.com
Csaba Varga;93378;csaba.varga@domain.hu
Judit Kovács;62514;judit.kovács@example.com
Csaba Szabó;91371;csaba.szabó@mail.com
Hanna Tóth;86329;hanna.tóth@domain.hu
Gábor Kiss;96798;gábor.kiss@example.com
Gábor Kovács;86430;gábor.kovács@domain.hu
Béla Szabó;74605;béla.szabó@example.com
Gábor Horváth;46862;gábor.horváth@example.com
Csaba Molnár;12247;csaba.molnár@example.com
Hanna Varga;47401;hanna.varga@example.com
Csaba Farkas;10508;csaba.farkas@example.com
Gábor Kovács;36433;gábor.kovács@domain.hu
Judit Molnár;66852;judit.molnár@example.com
Anna Németh;94180;anna.németh@mail.com
Judit Tóth;68457;judit.tóth@domain.hu
Béla Németh;65959;béla.németh@mail.com
Béla Tóth;27827;béla.tóth@example.com
Dóra Tóth;83342;dóra.tóth@mail.com
Béla Varga;8612;béla.varga@mail.com
Dóra Tóth;37614;dóra.tóth@domain.hu
Béla Szabó;18657;béla.szabó@mail.com
István Farkas;24880;istván.farkas@mail.com
Dóra Horváth;93407;dóra.horváth@example.com
Csaba Kovács;1758;csaba.kovács@example.com
Csaba Nagy;39883;csaba.nagy@domain.hu
Hanna Kovács;9849;hanna.kovács@mail.com
Csaba Kovács;69486;csaba.kovács@domain.hu
Anna Farkas;85990;anna.farkas@domain.hu
Anna Horváth;88321;anna.horváth@mail.com
Ferenc Kovács;56355;ferenc.kovács@mail.com
Hanna Farkas;32315;hanna.farkas@mail.com
Emese Molnár;52963;emese.molnár@mail.com
Gábor Molnár;89459;gábor.molnár@domain.hu
Dóra Tóth;46421;dóra.tóth@example.com
István Varga;30010;istván.varga@mail.com
Anna Molnár;88531;anna.molnár@example.com
Emese Farkas;63216;emese.farkas@mail.com
